<?xml version="1.0" encoding="UTF-8" standalone="yes"?>
<addon id="plugin.video.mytv" name="我的直播" version="0.0.1" provider-name="sudoel">
  <requires>
    <import addon="xbmc.python" version="2.1.0"/>
    <import addon="script.module.elementtree"  version="1.2.7" optional="false"/>
    <import addon="script.module.simplejson" version="2.0.10" optional="true" />
  </requires>
  <extension point="xbmc.python.pluginsource" library="addon.py">
    <provides>video</provides>
  </extension>
  <extension point="xbmc.addon.metadata">
    <platform>all</platform>
    <language></language>
    <summary lang="en">My TV</summary>
    <summary lang="zh">我的直播</summary>
    <description lang="en">My TV</description>
    <description lang="zh">一个简单的直播插件</description>  
  </extension>
</addon>
